﻿<?xml version="1.0" encoding="utf-8"?>
<Project ToolsVersion="Current" xmlns="http://schemas.microsoft.com/developer/msbuild/2003">
  <PropertyGroup>
    <IncludeCompositeObjects>True</IncludeCompositeObjects>
    <TargetDatabaseName>DrillingInfo</TargetDatabaseName>
    <DeployScriptFileName>SanSabaRoyalty.DrillingInfo.dbs.sql</DeployScriptFileName>
    <TargetConnectionString>Data Source=THINKPADT440P\SQL;Integrated Security=True;Persist Security Info=False;Pooling=False;MultipleActiveResultSets=False;Connect Timeout=60;Encrypt=False;TrustServerCertificate=False</TargetConnectionString>
    <ProfileVersionNumber>1</ProfileVersionNumber>
  </PropertyGroup>
  <ItemGroup>
    <SqlCmdVariable Include="SSISDB">
      <Value>SSISDB</Value>
    </SqlCmdVariable>
  </ItemGroup>
</Project>