﻿<?xml version="1.0" encoding="utf-8"?>
<Project ToolsVersion="15.0" xmlns="http://schemas.microsoft.com/developer/msbuild/2003">
  <PropertyGroup>
    <IncludeCompositeObjects>True</IncludeCompositeObjects>
    <TargetDatabaseName>OfferMailings</TargetDatabaseName>
    <DeployScriptFileName>OfferMailings.dbs.sql</DeployScriptFileName>
    <TargetConnectionString>Data Source=SSR2008;Persist Security Info=True;User ID=sa;Pooling=False;MultipleActiveResultSets=False;Connect Timeout=60;Encrypt=False;TrustServerCertificate=True</TargetConnectionString>
    <ProfileVersionNumber>1</ProfileVersionNumber>
    <BlockOnPossibleDataLoss>True</BlockOnPossibleDataLoss>
  </PropertyGroup>
</Project>